date,ghi_kwh_m2_day,temp_c,wind_ms,temp_derate,yield_kwh
2023-01-01,3.7085,14.48,2.95,1.0,15.040027777777778
2023-01-02,3.6461,14.12,1.72,1.0,14.786961111111111
2023-01-03,3.4721,12.6,2.04,1.0,14.081294444444445
2023-01-04,3.7234,12.81,1.57,1.0,15.100455555555554
2023-01-05,3.9214,11.98,2.28,1.0,15.903455555555556
2023-01-06,3.5482,11.38,2.82,1.0,14.389922222222221
2023-01-07,2.3604,12.97,2.45,1.0,9.572733333333332
2023-01-08,2.6647,14.08,1.96,1.0,10.806838888888887
2023-01-09,2.6016,13.91,2.28,1.0,10.550933333333333
2023-01-10,3.2926,15.09,2.15,1.0,13.353322222222223
2023-01-11,3.0425,16.86,2.62,1.0,12.33902777777778
2023-01-12,2.9614,14.41,3.4,1.0,12.01012222222222
2023-01-13,4.236,10.85,4.12,1.0,17.179333333333332
2023-01-14,4.321,9.52,2.11,1.0,17.524055555555552
2023-01-15,4.3274,10.53,2.77,1.0,17.55001111111111
2023-01-16,4.4054,10.72,1.62,1.0,17.866344444444444
2023-01-17,4.211,12.33,1.85,1.0,17.077944444444444
2023-01-18,2.5618,11.16,2.71,1.0,10.38952222222222
2023-01-19,1.3454,12.26,2.25,1.0,5.4563444444444436
2023-01-20,3.2102,12.61,2.56,1.0,13.019144444444443
2023-01-21,3.6036,12.66,2.46,1.0,14.6146
2023-01-22,3.726,12.35,2.3,1.0,15.110999999999999
2023-01-23,3.3398,11.61,3.83,1.0,13.544744444444444
2023-01-24,3.7258,11.87,2.92,1.0,15.11018888888889
2023-01-25,4.2958,13.0,1.2,1.0,17.421855555555553
2023-01-26,4.2089,10.79,2.81,1.0,17.069427777777776
2023-01-27,4.4705,12.74,2.02,1.0,18.13036111111111
2023-01-28,4.2564,14.05,2.05,1.0,17.262066666666666
2023-01-29,2.9964,13.75,2.36,1.0,12.152066666666666
2023-01-30,3.757,13.75,2.92,1.0,15.236722222222221
2023-01-31,3.5294,13.89,2.81,1.0,14.313677777777777
2023-02-01,4.3843,15.93,1.64,1.0,17.780772222222218
2023-02-02,4.3241,16.96,2.5,1.0,17.536627777777777
2023-02-03,4.2456,18.42,2.59,1.0,17.218266666666665
2023-02-04,4.4206,19.48,1.31,1.0,17.92798888888889
2023-02-05,4.1412,19.98,2.32,1.0,16.794866666666667
2023-02-06,4.5144,17.93,3.62,1.0,18.308400000000002
2023-02-07,4.739,17.69,2.01,1.0,19.219277777777776
2023-02-08,3.6156,19.5,2.45,1.0,14.663266666666667
2023-02-09,4.0927,19.75,2.87,1.0,16.59817222222222
2023-02-10,4.0087,18.99,2.85,1.0,16.257505555555554
2023-02-11,5.0338,17.31,2.51,1.0,20.414855555555555
2023-02-12,5.3957,14.11,3.41,1.0,21.88256111111111
2023-02-13,4.7753,15.96,3.02,1.0,19.366494444444445
2023-02-14,4.2271,20.07,1.98,1.0,17.143238888888888
2023-02-15,4.9327,21.53,2.23,1.0,20.00483888888889
2023-02-16,4.0567,23.09,2.61,1.0,16.452172222222224
2023-02-17,4.758,24.88,1.53,1.0,19.296333333333333
2023-02-18,4.7669,24.08,2.01,1.0,19.332427777777777
2023-02-19,4.2401,23.97,2.44,1.0,17.19596111111111
2023-02-20,3.6115,23.54,2.28,1.0,14.646638888888889
2023-02-21,4.5149,21.97,2.76,1.0,18.310427777777775
2023-02-22,4.1549,22.16,2.26,1.0,16.850427777777774
2023-02-23,5.0753,22.8,1.85,1.0,20.58316111111111
2023-02-24,4.56,24.41,1.72,1.0,18.493333333333332
2023-02-25,4.9675,24.62,2.41,1.0,20.145972222222227
2023-02-26,4.9673,24.92,2.13,1.0,20.14516111111111
2023-02-27,4.7935,24.06,2.33,1.0,19.440305555555558
2023-02-28,4.2446,22.84,3.58,1.0,17.214211111111112
2023-03-01,4.6174,21.77,5.02,1.0,18.72612222222222
2023-03-02,4.3889,21.85,3.27,1.0,17.799427777777776
2023-03-03,4.9886,22.76,2.95,1.0,20.23154444444444
2023-03-04,5.365,23.94,1.75,1.0,21.758055555555558
2023-03-05,5.6098,24.34,1.69,1.0,22.750855555555553
2023-03-06,5.6028,25.15,2.37,0.9994,22.70883318666667
2023-03-07,5.5646,25.53,2.15,0.99788,22.519701250222223
2023-03-08,5.8106,25.29,1.46,0.99884,23.537875466222225
2023-03-09,6.017,24.59,2.05,1.0,24.40227777777778
2023-03-10,5.9789,25.13,2.84,0.99948,24.235152275333334
2023-03-11,5.9419,26.66,3.69,0.99336,23.937696790666667
2023-03-12,4.6543,27.53,1.96,0.98988,18.68474940733333
2023-03-13,5.6114,26.9,2.54,0.9924000000000001,22.584388626666666
2023-03-14,5.8958,27.78,2.22,0.98888,23.644856966222225
2023-03-15,4.7364,27.11,2.42,0.99156,19.046611623999997
2023-03-16,5.0942,26.6,3.15,0.9936,20.527588320000003
2023-03-17,3.3475,21.58,2.73,1.0,13.575972222222223
2023-03-18,5.1737,21.47,2.83,1.0,20.982227777777776
2023-03-19,2.3052,22.37,2.13,1.0,9.348866666666666
2023-03-20,5.2829,24.32,1.07,1.0,21.425094444444444
2023-03-21,4.8857,24.9,2.73,1.0,19.814227777777777
2023-03-22,4.5463,24.06,2.93,1.0,18.43777222222222
2023-03-23,5.6191,24.41,1.7,1.0,22.78857222222222
2023-03-24,4.9447,22.3,2.47,1.0,20.05350555555556
2023-03-25,5.7648,21.7,2.4,1.0,23.37946666666667
2023-03-26,6.2748,21.37,2.94,1.0,25.447799999999997
2023-03-27,6.5033,23.77,1.6,1.0,26.374494444444444
2023-03-28,6.2957,26.3,2.03,0.9948,25.399791793333332
2023-03-29,4.6968,25.2,4.69,0.9992,19.032894826666666
2023-03-30,4.7374,21.69,3.53,1.0,19.212788888888888
2023-03-31,5.2397,21.37,1.99,1.0,21.249894444444443
2023-04-01,6.0446,23.35,2.0,1.0,24.51421111111111
2023-04-02,6.0341,25.24,2.84,0.99904,24.44813501511111
2023-04-03,5.3966,24.14,4.9,1.0,21.886211111111113
2023-04-04,6.397,24.22,1.93,1.0,25.94338888888889
2023-04-05,5.3585,25.88,2.22,0.99648,21.65519888
2023-04-06,6.643,25.41,2.46,0.99836,26.896872224444444
2023-04-07,6.9595,25.48,2.98,0.99808,28.170447582222224
2023-04-08,7.0464,27.12,1.69,0.99152,28.33473314133333
2023-04-09,7.0498,28.57,1.65,0.98572,28.18257813822223
2023-04-10,7.0514,29.7,2.28,0.9812,28.059714368888883
2023-04-11,5.364,30.05,2.32,0.9798,21.3145692
2023-04-12,6.7354,30.53,2.11,0.97788,26.711563638666664
2023-04-13,7.2494,32.1,1.3,0.9716,28.565374662222226
2023-04-14,7.249,32.52,1.98,0.96992,28.514408657777775
2023-04-15,7.1587,32.79,2.74,0.96884,28.12785268244444
2023-04-16,6.5059,32.51,2.97,0.96996,25.592432320666667
2023-04-17,5.1305,31.91,3.02,0.97236,20.231921529999997
2023-04-18,5.5457,31.03,3.52,0.97588,21.948414070444443
2023-04-19,6.2395,28.44,2.39,0.98624,24.956447057777773
2023-04-20,7.0697,27.53,2.75,0.98988,28.381404912666667
2023-04-21,7.3824,28.05,2.47,0.9878,29.574468586666665
2023-04-22,7.2715,28.42,3.95,0.98632,29.086549402222225
2023-04-23,7.8022,27.82,3.54,0.98872,31.28533091288889
2023-04-24,7.649,28.92,3.35,0.98432,30.534536035555554
2023-04-25,6.2803,31.75,2.44,0.973,24.782412705555554
2023-04-26,5.5596,30.98,2.7,0.97608,22.007936047999998
2023-04-27,5.8015,31.93,2.81,0.97228,22.87610092555556
2023-04-28,5.6606,30.49,3.39,0.97804,22.452744741777778
2023-04-29,2.8229,24.63,2.51,1.0,11.44842777777778
2023-04-30,4.757,25.74,2.98,0.99704,19.235172635555557
2023-05-01,6.0391,26.64,3.96,0.99344,24.331238655111115
2023-05-02,3.0245,25.95,1.87,0.9962,12.219416872222222
2023-05-03,6.0982,28.02,2.59,0.98792,24.432831295111114
2023-05-04,6.2189,30.12,2.93,0.97952,24.70456643022222
2023-05-05,6.3526,31.37,2.6,0.9745199999999999,25.106872772
2023-05-06,6.9127,32.93,4.22,0.96828,27.145573799333334
2023-05-07,7.5679,29.92,3.88,0.98032,30.08801956355556
2023-05-08,7.4616,30.1,2.94,0.9796,29.643610293333335
2023-05-09,7.7333,31.33,2.49,0.97468,30.56872097844444
2023-05-10,7.7148,32.44,2.43,0.97024,30.356675072
2023-05-11,7.6841,35.12,2.2,0.95952,29.901804285333334
2023-05-12,7.338,35.88,2.7,0.95648,28.46452597333333
2023-05-13,6.5753,36.87,2.84,0.95252,25.400369288222226
2023-05-14,6.9293,35.04,2.82,0.95984,26.973578320888887
2023-05-15,7.1642,35.56,2.09,0.95776,27.827535889777774
2023-05-16,6.4027,35.05,2.73,0.9598,24.922652032222224
2023-05-17,6.6619,35.66,2.75,0.95736,25.865670590666667
2023-05-18,7.1018,32.89,2.28,0.96844,27.892761389777778
2023-05-19,7.6138,33.87,3.05,0.96452,29.782630747111117
2023-05-20,7.2144,35.0,2.89,0.96,28.088064000000003
2023-05-21,7.0687,36.5,4.24,0.954,27.348800299999997
2023-05-22,6.5753,37.47,5.79,0.95012,25.336369701555554
2023-05-23,4.9666,35.86,5.25,0.95656,19.267339744888886
2023-05-24,6.5422,35.29,3.19,0.95884,25.44018791688889
2023-05-25,6.2424,34.48,4.31,0.96208,24.356402111999998
2023-05-26,5.7744,33.59,4.55,0.9656399999999999,22.613743775999996
2023-05-27,6.9758,31.75,4.67,0.973,27.526894344444443
2023-05-28,4.3769,30.73,4.1,0.97708,17.343913666444443
2023-05-29,5.9278,27.85,4.52,0.9886,23.766460268888892
2023-05-30,4.2458,26.68,2.64,0.99328,17.103365575111113
2023-05-31,6.5062,27.94,2.84,0.98824,26.075953190222222
2023-06-01,6.0866,25.81,4.55,0.99676,24.604566520444443
2023-06-02,7.1035,28.82,2.26,0.98472,28.368442886666667
2023-06-03,6.5371,30.93,2.81,0.97628,25.88271772911111
2023-06-04,6.9763,30.95,1.64,0.9762,27.619404243333335
2023-06-05,7.1098,32.86,2.84,0.96856,27.927641990222217
2023-06-06,3.0852,34.2,2.54,0.9632,12.051751040000001
2023-06-07,6.9497,33.87,1.96,0.96452,27.184894389555556
2023-06-08,7.309,34.78,2.81,0.96088,28.482458342222223
2023-06-09,7.2026,35.6,4.29,0.9576,27.972017360000002
2023-06-10,7.0399,35.07,5.11,0.95972,27.40068313577778
2023-06-11,6.2868,34.98,3.48,0.96008,24.478647717333335
2023-06-12,6.9874,35.72,5.06,0.95712,27.122664501333333
2023-06-13,7.3212,35.56,6.26,0.95776,28.437362965333335
2023-06-14,7.4429,34.9,6.98,0.9604,28.989764704444447
2023-06-15,7.1693,34.07,5.77,0.96372,28.020635505999998
2023-06-16,7.1681,34.05,2.68,0.9638,28.01827105222222
2023-06-17,6.858,34.71,3.57,0.96116,26.732743080000002
2023-06-18,7.1794,35.09,2.34,0.9596399999999999,27.94131540933333
2023-06-19,6.911,36.86,2.42,0.95256,26.698298759999997
2023-06-20,7.1021,38.03,4.96,0.94788,27.301750777999995
2023-06-21,6.9794,37.51,5.41,0.94996,26.888945008444445
2023-06-22,7.2799,37.84,6.62,0.9486399999999999,28.00768425155555
2023-06-23,7.2264,38.73,6.18,0.94508,27.697522565333333
2023-06-24,7.3188,39.07,6.12,0.94372,28.011308296
2023-06-25,6.9245,38.9,7.36,0.9444,26.521296633333336
2023-06-26,5.6954,35.54,4.88,0.95784,22.124198962666664
2023-06-27,5.9386,34.18,2.94,0.96328,23.199945910222226
2023-06-28,5.4672,36.17,1.81,0.95532,21.181864544
2023-06-29,5.2406,36.44,2.55,0.95424,20.280982250666668
2023-06-30,5.641,36.97,4.51,0.95212,21.782019508888887
2023-07-01,6.643,36.01,3.61,0.95596,25.754571468888887
2023-07-02,6.8726,36.04,4.65,0.95584,26.641374268444444
2023-07-03,7.0366,38.18,5.37,0.94728,27.032834594666664
2023-07-04,7.038,39.13,7.12,0.94348,26.929749639999997
2023-07-05,5.658,38.24,3.8,0.94704,21.731095520000004
2023-07-06,5.4192,35.71,5.07,0.95716,21.036334858666667
2023-07-07,5.0669,34.03,3.59,0.96388,19.80686115311111
2023-07-08,4.3666,32.27,2.29,0.97092,17.194011492
2023-07-09,6.7008,33.0,3.21,0.968,26.30585173333333
2023-07-10,6.8856,34.85,3.56,0.9606,26.824690959999998
2023-07-11,6.9211,36.64,2.68,0.95344,26.762017312888887
2023-07-12,6.8282,38.77,2.72,0.94492,26.16686112844444
2023-07-13,5.9191,38.43,3.5,0.94628,22.71567745577778
2023-07-14,5.8178,36.42,3.38,0.95432,22.516618411555555
2023-07-15,6.1087,38.07,3.66,0.94772,23.47897849844444
2023-07-16,5.6402,37.69,4.46,0.94924,21.713052872444443
2023-07-17,5.5666,38.24,3.01,0.94704,21.380048837333337
2023-07-18,5.5445,39.08,3.33,0.94368,21.219614693333334
2023-07-19,3.9631,37.68,4.27,0.94928,15.257371359111113
2023-07-20,3.8213,34.04,3.34,0.96384,14.937105045333334
2023-07-21,4.5946,32.32,1.62,0.97072,18.088062120888885
2023-07-22,4.35,31.66,2.02,0.97336,17.17169266666667
2023-07-23,4.817,31.48,5.09,0.97408,19.029248071111112
2023-07-24,3.2779,32.76,3.47,0.96896,12.881068935111111
2023-07-25,3.6542,30.79,1.97,0.97684,14.47658428577778
2023-07-26,4.1374,30.78,2.0,0.97688,16.391514543111114
2023-07-27,6.3691,31.69,3.01,0.97324,25.139021696222223
2023-07-28,6.5038,32.83,3.59,0.96868,25.55040954622222
2023-07-29,5.7636,33.39,3.02,0.96644,22.590148424
2023-07-30,6.1894,33.08,3.0,0.96768,24.290176512
2023-07-31,6.5484,34.33,2.81,0.96268,25.566277831999997
2023-08-01,6.8047,34.68,4.49,0.96128,26.52828928711111
2023-08-02,6.8177,34.89,5.06,0.96044,26.55574447355556
2023-08-03,6.3691,34.65,4.4,0.9614,24.83319166777778
2023-08-04,6.3192,34.48,5.24,0.96208,24.656057962666672
2023-08-05,6.1565,34.84,5.0,0.9606399999999999,23.985286204444446
2023-08-06,5.9981,34.58,5.71,0.96168,23.393469721333332
2023-08-07,5.2015,34.21,5.44,0.96316,20.317833445555554
2023-08-08,5.9494,34.18,4.78,0.96328,23.242137574222223
2023-08-09,5.8673,34.64,5.02,0.96144,22.877619698666663
2023-08-10,6.2717,34.01,5.27,0.96396,24.518542168666666
2023-08-11,6.6024,33.98,4.55,0.96408,25.814591712
2023-08-12,6.3485,34.94,4.83,0.96024,24.72300587333333
2023-08-13,6.2244,35.02,5.99,0.95992,24.231644528
2023-08-14,5.8934,35.36,5.0,0.95856,22.910553210666667
2023-08-15,4.8907,35.64,4.12,0.95744,18.99034899911111
2023-08-16,5.4149,35.55,4.6,0.9578,21.033697725555555
2023-08-17,5.52,35.09,5.13,0.9596399999999999,21.483140799999994
2023-08-18,5.6714,35.73,4.34,0.95708,22.013488687555558
2023-08-19,5.7235,36.19,2.28,0.95524,22.173004345555555
2023-08-20,5.5063,37.15,1.84,0.9514,21.245813825555558
2023-08-21,6.1754,37.51,3.28,0.94996,23.791442101777776
2023-08-22,6.4963,37.76,5.65,0.94896,25.001400328
2023-08-23,5.4444,36.57,6.4,0.95372,21.058201181333335
2023-08-24,5.0117,34.61,4.52,0.96156,19.543926022
2023-08-25,5.407,35.01,3.88,0.95996,21.05037619777778
2023-08-26,4.4717,34.24,3.69,0.96304,17.46494975911111
2023-08-27,5.7876,33.34,3.59,0.9666399999999999,22.688909637333335
2023-08-28,6.0878,33.98,4.59,0.96408,23.802567464000003
2023-08-29,5.376,33.45,3.26,0.9662,21.065736533333336
2023-08-30,6.0086,35.43,2.78,0.95828,23.35156934355556
2023-08-31,6.3122,34.97,4.86,0.96012,24.578570604
2023-09-01,6.4241,34.69,5.2,0.96124,25.043468751777777
2023-09-02,6.265,33.97,5.52,0.96412,24.49641452222222
2023-09-03,6.264,33.91,5.27,0.96436,24.498601439999998
2023-09-04,6.2566,34.19,4.77,0.96324,24.44124105733333
2023-09-05,6.3586,34.8,3.3,0.9608,24.776779457777774
2023-09-06,6.1598,35.9,2.05,0.9564,23.89222158666667
2023-09-07,6.1572,35.72,2.03,0.95712,23.900115903999996
2023-09-08,6.1918,36.17,2.45,0.95532,23.98922096933333
2023-09-09,5.994,36.48,2.59,0.95408,23.19273072
2023-09-10,6.1147,36.3,2.76,0.9548,23.677613104444443
2023-09-11,6.1661,36.19,3.4,0.95524,23.887649531777775
2023-09-12,6.1872,36.83,2.98,0.95268,23.905154656
2023-09-13,6.1126,36.59,2.36,0.95364,23.640725004
2023-09-14,5.5829,36.91,2.44,0.95236,21.56310761177778
2023-09-15,5.1295,36.84,2.64,0.9526399999999999,19.817743457777777
2023-09-16,5.2572,35.31,2.48,0.95876,20.441594125333335
2023-09-17,5.2013,33.87,4.48,0.96452,20.34574027488889
2023-09-18,4.7815,32.3,5.46,0.9708,18.825403033333334
2023-09-19,3.6266,31.11,5.84,0.97556,14.348417244888887
2023-09-20,4.8715,32.57,3.06,0.96972,19.158407863333338
2023-09-21,5.6918,34.52,1.96,0.96192,22.204394816
2023-09-22,5.7365,35.45,3.82,0.9581999999999999,22.292230216666667
2023-09-23,5.3803,35.37,3.96,0.95852,20.91500757711111
2023-09-24,4.7827,35.14,2.29,0.95944,18.60978329022222
2023-09-25,4.5204,34.1,2.05,0.9636,17.665421840000004
2023-09-26,5.2322,32.65,1.95,0.9694,20.570161757777775
2023-09-27,5.2666,33.28,1.58,0.96688,20.651579176888887
2023-09-28,5.6407,33.42,3.54,0.96632,22.105702741777776
2023-09-29,5.6251,32.16,3.45,0.97136,22.15954394044444
2023-09-30,5.4554,29.7,3.19,0.9812,21.708733835555556
2023-10-01,5.4917,31.5,1.32,0.974,21.69282518888889
2023-10-02,5.6143,31.7,2.04,0.9732,22.158893526666667
2023-10-03,5.7463,31.0,2.32,0.976,22.74513235555555
2023-10-04,5.911,30.48,3.06,0.97808,23.446914124444444
2023-10-05,5.658,31.01,2.71,0.9759599999999999,22.394703480000004
2023-10-06,5.4276,31.37,3.66,0.9745199999999999,21.451069271999998
2023-10-07,5.1271,31.61,4.01,0.97356,20.243465652666668
2023-10-08,4.9034,31.69,3.22,0.97324,19.35386145377778
2023-10-09,5.5198,29.55,3.24,0.9818,21.978432984444442
2023-10-10,5.2469,28.7,2.61,0.9852,20.964163846666665
2023-10-11,5.3225,29.05,1.78,0.9838,21.236006194444442
2023-10-12,5.2104,29.94,3.01,0.98024,20.713516789333333
2023-10-13,5.1734,30.25,3.69,0.979,20.54040987777778
2023-10-14,4.5014,30.51,3.0,0.9779599999999999,17.853322639555554
2023-10-15,4.4671,29.19,2.18,0.98324,17.812938471777784
2023-10-16,4.493,27.28,2.25,0.99088,18.055430017777784
2023-10-17,4.0795,23.58,3.5,1.0,16.54463888888889
2023-10-18,4.7731,23.66,2.01,1.0,19.357572222222224
2023-10-19,4.5833,25.51,2.27,0.99796,18.54990860911111
2023-10-20,4.4774,26.18,1.97,0.99528,18.07263705866667
2023-10-21,4.1167,26.9,2.08,0.9924000000000001,16.568619713333334
2023-10-22,4.4071,26.13,2.18,0.99548,17.79245184911111
2023-10-23,4.3678,25.78,1.57,0.99688,17.65858832622222
2023-10-24,3.9406,26.08,2.25,0.99568,15.912282910222222
2023-10-25,3.9619,26.69,1.64,0.99324,15.959087866
2023-10-26,4.3874,27.37,2.63,0.99052,17.62466353911111
2023-10-27,4.188,27.82,2.48,0.98872,16.793079626666668
2023-10-28,2.9957,27.81,1.78,0.98876,12.012670457555554
2023-10-29,3.9547,28.34,1.74,0.98664,15.824231121333334
2023-10-30,3.4726,28.62,1.72,0.98552,13.879395716444444
2023-10-31,3.6494,28.39,1.75,0.98644,14.599651773777776
2023-11-01,3.2074,26.75,2.14,0.993,12.916734366666665
2023-11-02,2.957,26.27,1.97,0.99492,11.931357006666667
2023-11-03,2.9246,25.79,2.06,0.99684,11.823397403999998
2023-11-04,2.2788,25.67,2.19,0.99732,9.217031976
2023-11-05,2.7715,25.3,1.78,0.9988,11.226484255555556
2023-11-06,3.0494,25.66,2.35,0.99736,12.334362201777779
2023-11-07,2.3736,24.45,2.19,1.0,9.626266666666666
2023-11-08,2.7134,24.65,1.97,1.0,11.004344444444444
2023-11-09,2.6842,26.13,2.48,0.99548,10.83671785377778
2023-11-10,3.6914,22.36,3.68,1.0,14.970677777777778
2023-11-11,4.1026,21.25,1.89,1.0,16.63832222222222
2023-11-12,4.1923,21.63,2.29,1.0,17.002105555555556
2023-11-13,3.8333,22.06,2.03,1.0,15.54616111111111
2023-11-14,3.3415,22.62,1.31,1.0,13.551638888888888
2023-11-15,3.7495,21.47,1.61,1.0,15.206305555555554
2023-11-16,4.0032,21.23,1.77,1.0,16.2352
2023-11-17,2.8901,20.27,1.56,1.0,11.720961111111112
2023-11-18,2.6882,20.33,1.63,1.0,10.902144444444444
2023-11-19,2.7218,20.24,2.1,1.0,11.038411111111111
2023-11-20,2.9618,20.18,2.02,1.0,12.011744444444444
2023-11-21,3.095,20.08,1.83,1.0,12.551944444444446
2023-11-22,3.287,19.93,3.63,1.0,13.33061111111111
2023-11-23,3.2887,21.6,3.02,1.0,13.337505555555557
2023-11-24,2.5666,19.93,2.83,1.0,10.40898888888889
2023-11-25,2.7816,19.48,1.82,1.0,11.280933333333335
2023-11-26,1.9466,19.02,2.91,1.0,7.894544444444445
2023-11-27,1.5134,18.92,2.94,1.0,6.137677777777778
2023-11-28,2.591,18.04,2.85,1.0,10.507944444444446
2023-11-29,2.6926,19.45,1.82,1.0,10.919988888888891
2023-11-30,2.9875,20.79,1.62,1.0,12.115972222222222
2023-12-01,2.2966,18.93,2.97,1.0,9.31398888888889
2023-12-02,3.2114,19.46,1.61,1.0,13.02401111111111
2023-12-03,3.415,19.91,0.86,1.0,13.849722222222221
2023-12-04,3.5074,19.55,1.86,1.0,14.224455555555554
2023-12-05,3.5261,19.02,1.66,1.0,14.300294444444445
2023-12-06,3.4378,19.48,0.92,1.0,13.94218888888889
2023-12-07,3.6214,19.01,1.35,1.0,14.686788888888888
2023-12-08,3.5839,17.37,3.5,1.0,14.534705555555554
2023-12-09,3.4918,18.32,1.74,1.0,14.161188888888889
2023-12-10,3.4714,18.64,1.24,1.0,14.078455555555555
2023-12-11,3.3658,16.83,3.22,1.0,13.65018888888889
2023-12-12,3.2455,16.06,1.54,1.0,13.162305555555553
2023-12-13,2.8286,16.24,2.13,1.0,11.471544444444444
2023-12-14,2.37,16.2,2.1,1.0,9.611666666666668
2023-12-15,2.8397,16.61,2.2,1.0,11.516561111111113
2023-12-16,2.6767,16.55,1.92,1.0,10.855505555555556
2023-12-17,2.9748,15.3,2.61,1.0,12.064466666666666
2023-12-18,2.9894,15.88,1.61,1.0,12.123677777777777
2023-12-19,3.5606,15.67,2.73,1.0,14.440211111111113
2023-12-20,3.7596,15.76,2.98,1.0,15.247266666666665
2023-12-21,3.8018,17.07,2.2,1.0,15.41841111111111
2023-12-22,1.3385,15.59,2.35,1.0,5.428361111111111
2023-12-23,3.1793,15.22,3.34,1.0,12.893827777777776
2023-12-24,2.383,14.54,3.02,1.0,9.664388888888888
2023-12-25,2.4396,16.42,1.65,1.0,9.893933333333335
2023-12-26,2.7437,17.31,2.25,1.0,11.12722777777778
2023-12-27,3.257,16.68,2.08,1.0,13.208944444444445
2023-12-28,3.2606,16.43,1.74,1.0,13.223544444444444
2023-12-29,2.1149,15.17,3.39,1.0,8.577094444444445
2023-12-30,2.1442,14.24,2.6,1.0,8.695922222222222
2023-12-31,1.7182,15.07,1.99,1.0,6.968255555555555
